genome_id,methicillin_pred,methicillin_gene_symbol,methicillin_seqeunce_name,methicillin_subclass,methicillin_closest_seq,methicillin_percent_identity_to_reference,Staphylococcus_aureus_stress_seq,Staphylococcus_aureus_virulence_seq
SGH_N121_BC02_genomic.fna.csv,R,mecA,PBP2a family beta-lactam-resistant peptidoglycan transpeptidase MecA,METHICILLIN,PBP2a family beta-lactam-resistant peptidoglycan transpeptidase MecA,100,"aur,cna,hld,hlgA,hlgB,hlgC,icaC,sak,scn,sej,sel26,sen,seo,ser,ses,set,seu","bi-component gamma-hemolysin HlgAB/HlgCB subunit B,bi-component gamma-hemolysin HlgAB subunit A,bi-component gamma-hemolysin HlgCB subunit C,collagen adhesin Cna,complement inhibitor SCIN-A,delta-hemolysin,polysaccharide intercellular adhesin biosynthesis/export protein IcaC,staphylococcal enterotoxin type 26,staphylococcal enterotoxin type J,staphylococcal enterotoxin type N,staphylococcal enterotoxin type O,staphylococcal enterotoxin type R,staphylococcal enterotoxin type S,staphylococcal enterotoxin type T,staphylococcal enterotoxin type U,staphylokinase,zinc metalloproteinase aureolysin"
SGH_N121_BC03_genomic.fna.csv,R,mecA,PBP2a family beta-lactam-resistant peptidoglycan transpeptidase MecA,METHICILLIN,PBP2a family beta-lactam-resistant peptidoglycan transpeptidase MecA,100,"aur,cna,hld,hlgA,hlgB,hlgC,icaC,sak,scn,sej,sel26,sen,seo,ser,ses,set,seu","bi-component gamma-hemolysin HlgAB/HlgCB subunit B,bi-component gamma-hemolysin HlgAB subunit A,bi-component gamma-hemolysin HlgCB subunit C,collagen adhesin Cna,complement inhibitor SCIN-A,delta-hemolysin,polysaccharide intercellular adhesin biosynthesis/export protein IcaC,staphylococcal enterotoxin type 26,staphylococcal enterotoxin type J,staphylococcal enterotoxin type N,staphylococcal enterotoxin type O,staphylococcal enterotoxin type R,staphylococcal enterotoxin type S,staphylococcal enterotoxin type T,staphylococcal enterotoxin type U,staphylokinase,zinc metalloproteinase aureolysin"
SGH_N121_BC04_genomic.fna.csv,R,mecA,PBP2a family beta-lactam-resistant peptidoglycan transpeptidase MecA,METHICILLIN,PBP2a family beta-lactam-resistant peptidoglycan transpeptidase MecA,100,"aur,cna,hld,hlgA,hlgB,hlgC,icaC,sak,scn,sej,sel26,sen,seo,ser,ses,set,seu","bi-component gamma-hemolysin HlgAB/HlgCB subunit B,bi-component gamma-hemolysin HlgAB subunit A,bi-component gamma-hemolysin HlgCB subunit C,collagen adhesin Cna,complement inhibitor SCIN-A,delta-hemolysin,polysaccharide intercellular adhesin biosynthesis/export protein IcaC,staphylococcal enterotoxin type 26,staphylococcal enterotoxin type J,staphylococcal enterotoxin type N,staphylococcal enterotoxin type O,staphylococcal enterotoxin type R,staphylococcal enterotoxin type S,staphylococcal enterotoxin type T,staphylococcal enterotoxin type U,staphylokinase,zinc metalloproteinase aureolysin"
SGH_N121_BC05_genomic.fna.csv,R,mecA,PBP2a family beta-lactam-resistant peptidoglycan transpeptidase MecA,METHICILLIN,PBP2a family beta-lactam-resistant peptidoglycan transpeptidase MecA,100,"aur,cna,hld,hlgA,hlgC,icaC,scn,sej,ser,set","bi-component gamma-hemolysin HlgAB subunit A,bi-component gamma-hemolysin HlgCB subunit C,collagen adhesin Cna,complement inhibitor SCIN-A,delta-hemolysin,polysaccharide intercellular adhesin biosynthesis/export protein IcaC,staphylococcal enterotoxin type J,staphylococcal enterotoxin type R,staphylococcal enterotoxin type T,zinc metalloproteinase aureolysin"
SGH_N121_BC06_genomic.fna.csv,R,mecA,PBP2a family beta-lactam-resistant peptidoglycan transpeptidase MecA,METHICILLIN,PBP2a family beta-lactam-resistant peptidoglycan transpeptidase MecA,100,"aur,cna,hld,hlgA,hlgB,hlgC,icaC,lukD,lukE,sak,scn,sea,seh,sek,seq,splA,splB","bi-component gamma-hemolysin HlgAB/HlgCB subunit B,bi-component gamma-hemolysin HlgAB subunit A,bi-component gamma-hemolysin HlgCB subunit C,bi-component leukocidin LukED subunit D,bi-component leukocidin LukED subunit E,collagen adhesin Cna,complement inhibitor SCIN-A,delta-hemolysin,polysaccharide intercellular adhesin biosynthesis/export protein IcaC,serine protease SplA,serine protease SplB,staphylococcal enterotoxin type A,staphylococcal enterotoxin type H,staphylococcal enterotoxin type K,staphylococcal enterotoxin type Q,staphylokinase,zinc metalloproteinase aureolysin"
SGH_N121_BC08_genomic.fna.csv,S,NA,NA,NA,NA,NA,"hlgA,hlgB,hlgC,icaC,lukF-PV,lukS-PV,sem,splE","bi-component gamma-hemolysin HlgAB/HlgCB subunit B,bi-component gamma-hemolysin HlgAB subunit A,bi-component gamma-hemolysin HlgCB subunit C,Panton-Valentine bi-component leukocidin subunit F,Panton-Valentine bi-component leukocidin subunit S,polysaccharide intercellular adhesin biosynthesis/export protein IcaC,serine protease SplE,staphylococcal enterotoxin type M"
SGH_N121_BC09_genomic.fna.csv,R,"mecA,mecI,mecR1","beta-lactam sensor/signal transducer MecR1,mecA-type methicillin resistance repressor MecI,PBP2a family beta-lactam-resistant peptidoglycan transpeptidase MecA",METHICILLIN,"beta-lactam sensor/signal transducer MecR1,mecA-type methicillin resistance repressor MecI,PBP2a family beta-lactam-resistant peptidoglycan transpeptidase MecA","100.00,99.43","aur,hld,hlgA,hlgB,hlgC,icaC,lukD,lukE,sak,scn,sec3,sel,sel30,seu,splA,splB,splE,tst","bi-component gamma-hemolysin HlgAB/HlgCB subunit B,bi-component gamma-hemolysin HlgAB subunit A,bi-component gamma-hemolysin HlgCB subunit C,bi-component leukocidin LukED subunit D,bi-component leukocidin LukED subunit E,complement inhibitor SCIN-A,delta-hemolysin,polysaccharide intercellular adhesin biosynthesis/export protein IcaC,serine protease SplA,serine protease SplB,serine protease SplE,staphylococcal enterotoxin type 30,staphylococcal enterotoxin type C3,staphylococcal enterotoxin type L,staphylococcal enterotoxin type U,staphylokinase,toxic shock syndrome toxin TSST-1,zinc metalloproteinase aureolysin"
SGH_N121_BC10_genomic.fna.csv,R,mecA,PBP2a family beta-lactam-resistant peptidoglycan transpeptidase MecA,METHICILLIN,PBP2a family beta-lactam-resistant peptidoglycan transpeptidase MecA,100,"aur,cna,hld,hlgA,hlgB,hlgC,icaC,sak,scn,sej,sel26,ser,ses,set","bi-component gamma-hemolysin HlgAB/HlgCB subunit B,bi-component gamma-hemolysin HlgAB subunit A,bi-component gamma-hemolysin HlgCB subunit C,collagen adhesin Cna,complement inhibitor SCIN-A,delta-hemolysin,polysaccharide intercellular adhesin biosynthesis/export protein IcaC,staphylococcal enterotoxin type 26,staphylococcal enterotoxin type J,staphylococcal enterotoxin type R,staphylococcal enterotoxin type S,staphylococcal enterotoxin type T,staphylokinase,zinc metalloproteinase aureolysin"
SGH_N121_BC11_genomic.fna.csv,R,"mecA,mecR1","beta-lactam sensor/signal transducer MecR1,PBP2a family beta-lactam-resistant peptidoglycan transpeptidase MecA",METHICILLIN,"beta-lactam sensor/signal transducer MecR1,PBP2a family beta-lactam-resistant peptidoglycan transpeptidase MecA",100,"aur,hld,hlgA,hlgB,hlgC,icaC,sak,scn,sei,sel26,sem,sen,seo,seu","bi-component gamma-hemolysin HlgAB/HlgCB subunit B,bi-component gamma-hemolysin HlgAB subunit A,bi-component gamma-hemolysin HlgCB subunit C,complement inhibitor SCIN-A,delta-hemolysin,polysaccharide intercellular adhesin biosynthesis/export protein IcaC,staphylococcal enterotoxin type 26,staphylococcal enterotoxin type I,staphylococcal enterotoxin type M,staphylococcal enterotoxin type N,staphylococcal enterotoxin type O,staphylococcal enterotoxin type U,staphylokinase,zinc metalloproteinase aureolysin"
SGH_N121_BC12_genomic.fna.csv,R,"mecA,mecR1","beta-lactam sensor/signal transducer MecR1,PBP2a family beta-lactam-resistant peptidoglycan transpeptidase MecA",METHICILLIN,"beta-lactam sensor/signal transducer MecR1,PBP2a family beta-lactam-resistant peptidoglycan transpeptidase MecA",100,"aur,hld,hlgA,hlgB,hlgC,icaC,lukE,sak,scn,selX,splA,splB","bi-component gamma-hemolysin HlgAB/HlgCB subunit B,bi-component gamma-hemolysin HlgAB subunit A,bi-component gamma-hemolysin HlgCB subunit C,bi-component leukocidin LukED subunit E,complement inhibitor SCIN-A,delta-hemolysin,polysaccharide intercellular adhesin biosynthesis/export protein IcaC,serine protease SplA,serine protease SplB,staphylococcal enterotoxin-like toxin X,staphylokinase,zinc metalloproteinase aureolysin"
SGH_N121_BC13_genomic.fna.csv,R,"mecA,mecR1","beta-lactam sensor/signal transducer MecR1,PBP2a family beta-lactam-resistant peptidoglycan transpeptidase MecA",METHICILLIN,"beta-lactam sensor/signal transducer MecR1,PBP2a family beta-lactam-resistant peptidoglycan transpeptidase MecA",100,"aur,hld,hlgA,hlgB,hlgC,icaC,lukF-PV,lukS-PV,sak,scn,sei,sem,seu,splE","bi-component gamma-hemolysin HlgAB/HlgCB subunit B,bi-component gamma-hemolysin HlgAB subunit A,bi-component gamma-hemolysin HlgCB subunit C,complement inhibitor SCIN-A,delta-hemolysin,Panton-Valentine bi-component leukocidin subunit F,Panton-Valentine bi-component leukocidin subunit S,polysaccharide intercellular adhesin biosynthesis/export protein IcaC,serine protease SplE,staphylococcal enterotoxin type I,staphylococcal enterotoxin type M,staphylococcal enterotoxin type U,staphylokinase,zinc metalloproteinase aureolysin"
SGH_N121_BC14_genomic.fna.csv,R,mecA,PBP2a family beta-lactam-resistant peptidoglycan transpeptidase MecA,METHICILLIN,PBP2a family beta-lactam-resistant peptidoglycan transpeptidase MecA,100,"aur,hld,hlgA,hlgB,hlgC,icaC,sak,scn,sej,sel26,sen,seo,ser,ses,set,seu","bi-component gamma-hemolysin HlgAB/HlgCB subunit B,bi-component gamma-hemolysin HlgAB subunit A,bi-component gamma-hemolysin HlgCB subunit C,complement inhibitor SCIN-A,delta-hemolysin,polysaccharide intercellular adhesin biosynthesis/export protein IcaC,staphylococcal enterotoxin type 26,staphylococcal enterotoxin type J,staphylococcal enterotoxin type N,staphylococcal enterotoxin type O,staphylococcal enterotoxin type R,staphylococcal enterotoxin type S,staphylococcal enterotoxin type T,staphylococcal enterotoxin type U,staphylokinase,zinc metalloproteinase aureolysin"
SGH_N121_BC15_genomic.fna.csv,R,mecA,PBP2a family beta-lactam-resistant peptidoglycan transpeptidase MecA,METHICILLIN,PBP2a family beta-lactam-resistant peptidoglycan transpeptidase MecA,100,"aur,cna,hld,hlgA,hlgB,hlgC,icaC,sak,scn,sei,sej,sel26,sem,sen,seo,ser,ses,set,seu","bi-component gamma-hemolysin HlgAB/HlgCB subunit B,bi-component gamma-hemolysin HlgAB subunit A,bi-component gamma-hemolysin HlgCB subunit C,collagen adhesin Cna,complement inhibitor SCIN-A,delta-hemolysin,polysaccharide intercellular adhesin biosynthesis/export protein IcaC,staphylococcal enterotoxin type 26,staphylococcal enterotoxin type I,staphylococcal enterotoxin type J,staphylococcal enterotoxin type M,staphylococcal enterotoxin type N,staphylococcal enterotoxin type O,staphylococcal enterotoxin type R,staphylococcal enterotoxin type S,staphylococcal enterotoxin type T,staphylococcal enterotoxin type U,staphylokinase,zinc metalloproteinase aureolysin"
SGH_N121_BC16_genomic.fna.csv,R,"mecA,mecR1","beta-lactam sensor/signal transducer MecR1,PBP2a family beta-lactam-resistant peptidoglycan transpeptidase MecA",METHICILLIN,"beta-lactam sensor/signal transducer MecR1,PBP2a family beta-lactam-resistant peptidoglycan transpeptidase MecA",100,"aur,hld,hlgA,hlgB,hlgC,icaC,sec1,sei,sel,sel26,sen,seo,seu","bi-component gamma-hemolysin HlgAB/HlgCB subunit B,bi-component gamma-hemolysin HlgAB subunit A,bi-component gamma-hemolysin HlgCB subunit C,delta-hemolysin,polysaccharide intercellular adhesin biosynthesis/export protein IcaC,staphylococcal enterotoxin type 26,staphylococcal enterotoxin type C1,staphylococcal enterotoxin type I,staphylococcal enterotoxin type L,staphylococcal enterotoxin type N,staphylococcal enterotoxin type O,staphylococcal enterotoxin type U,zinc metalloproteinase aureolysin"
SGH_N121_BC17_genomic.fna.csv,R,mecA,PBP2a family beta-lactam-resistant peptidoglycan transpeptidase MecA,METHICILLIN,PBP2a family beta-lactam-resistant peptidoglycan transpeptidase MecA,100,"aur,cna,hld,hlgA,hlgB,hlgC,icaC,sak,scn,sei,sej,sel26,sem,sen,seo,ser,ses,set,seu","bi-component gamma-hemolysin HlgAB/HlgCB subunit B,bi-component gamma-hemolysin HlgAB subunit A,bi-component gamma-hemolysin HlgCB subunit C,collagen adhesin Cna,complement inhibitor SCIN-A,delta-hemolysin,polysaccharide intercellular adhesin biosynthesis/export protein IcaC,staphylococcal enterotoxin type 26,staphylococcal enterotoxin type I,staphylococcal enterotoxin type J,staphylococcal enterotoxin type M,staphylococcal enterotoxin type N,staphylococcal enterotoxin type O,staphylococcal enterotoxin type R,staphylococcal enterotoxin type S,staphylococcal enterotoxin type T,staphylococcal enterotoxin type U,staphylokinase,zinc metalloproteinase aureolysin"
SGH_N121_BC18_genomic.fna.csv,R,mecA,PBP2a family beta-lactam-resistant peptidoglycan transpeptidase MecA,METHICILLIN,PBP2a family beta-lactam-resistant peptidoglycan transpeptidase MecA,"100.00,99.81","aur,hld,hlgA,hlgB,hlgC,icaC,lukF-PV,lukS-PV,sak,scn,sel26","bi-component gamma-hemolysin HlgAB/HlgCB subunit B,bi-component gamma-hemolysin HlgAB subunit A,bi-component gamma-hemolysin HlgCB subunit C,complement inhibitor SCIN-A,delta-hemolysin,Panton-Valentine bi-component leukocidin subunit F,Panton-Valentine bi-component leukocidin subunit S,polysaccharide intercellular adhesin biosynthesis/export protein IcaC,staphylococcal enterotoxin type 26,staphylokinase,zinc metalloproteinase aureolysin"
SGH_N121_BC19_genomic.fna.csv,R,mecA,PBP2a family beta-lactam-resistant peptidoglycan transpeptidase MecA,METHICILLIN,PBP2a family beta-lactam-resistant peptidoglycan transpeptidase MecA,100,"aur,cna,hld,hlgA,hlgB,hlgC,icaC,sak,scn,sej,sel26,sen,seo,ser,ses,set,seu","bi-component gamma-hemolysin HlgAB/HlgCB subunit B,bi-component gamma-hemolysin HlgAB subunit A,bi-component gamma-hemolysin HlgCB subunit C,collagen adhesin Cna,complement inhibitor SCIN-A,delta-hemolysin,polysaccharide intercellular adhesin biosynthesis/export protein IcaC,staphylococcal enterotoxin type 26,staphylococcal enterotoxin type J,staphylococcal enterotoxin type N,staphylococcal enterotoxin type O,staphylococcal enterotoxin type R,staphylococcal enterotoxin type S,staphylococcal enterotoxin type T,staphylococcal enterotoxin type U,staphylokinase,zinc metalloproteinase aureolysin"
SGH_N121_BC20_genomic.fna.csv,R,mecA,PBP2a family beta-lactam-resistant peptidoglycan transpeptidase MecA,METHICILLIN,PBP2a family beta-lactam-resistant peptidoglycan transpeptidase MecA,100,"aur,cna,hld,hlgA,hlgB,hlgC,icaC,sak,scn,sej,sel26,sen,seo,ser,ses,set,seu","bi-component gamma-hemolysin HlgAB/HlgCB subunit B,bi-component gamma-hemolysin HlgAB subunit A,bi-component gamma-hemolysin HlgCB subunit C,collagen adhesin Cna,complement inhibitor SCIN-A,delta-hemolysin,polysaccharide intercellular adhesin biosynthesis/export protein IcaC,staphylococcal enterotoxin type 26,staphylococcal enterotoxin type J,staphylococcal enterotoxin type N,staphylococcal enterotoxin type O,staphylococcal enterotoxin type R,staphylococcal enterotoxin type S,staphylococcal enterotoxin type T,staphylococcal enterotoxin type U,staphylokinase,zinc metalloproteinase aureolysin"
SGH_N121_BC21_genomic.fna.csv,R,"mecA,mecR1","beta-lactam sensor/signal transducer MecR1,PBP2a family beta-lactam-resistant peptidoglycan transpeptidase MecA",METHICILLIN,"beta-lactam sensor/signal transducer MecR1,PBP2a family beta-lactam-resistant peptidoglycan transpeptidase MecA",100,"aur,hld,hlgA,hlgB,hlgC,icaC,sec1,sei,sel,sel26,sen,seo,seu","bi-component gamma-hemolysin HlgAB/HlgCB subunit B,bi-component gamma-hemolysin HlgAB subunit A,bi-component gamma-hemolysin HlgCB subunit C,delta-hemolysin,polysaccharide intercellular adhesin biosynthesis/export protein IcaC,staphylococcal enterotoxin type 26,staphylococcal enterotoxin type C1,staphylococcal enterotoxin type I,staphylococcal enterotoxin type L,staphylococcal enterotoxin type N,staphylococcal enterotoxin type O,staphylococcal enterotoxin type U,zinc metalloproteinase aureolysin"
SGH_N121_BC22_genomic.fna.csv,R,mecA,PBP2a family beta-lactam-resistant peptidoglycan transpeptidase MecA,METHICILLIN,PBP2a family beta-lactam-resistant peptidoglycan transpeptidase MecA,100,"aur,cna,hld,hlgA,hlgB,hlgC,icaC,sak,scn,sej,sel26,sen,seo,ser,ses,set,seu","bi-component gamma-hemolysin HlgAB/HlgCB subunit B,bi-component gamma-hemolysin HlgAB subunit A,bi-component gamma-hemolysin HlgCB subunit C,collagen adhesin Cna,complement inhibitor SCIN-A,delta-hemolysin,polysaccharide intercellular adhesin biosynthesis/export protein IcaC,staphylococcal enterotoxin type 26,staphylococcal enterotoxin type J,staphylococcal enterotoxin type N,staphylococcal enterotoxin type O,staphylococcal enterotoxin type R,staphylococcal enterotoxin type S,staphylococcal enterotoxin type T,staphylococcal enterotoxin type U,staphylokinase,zinc metalloproteinase aureolysin"
SGH_N121_BC23_genomic.fna.csv,R,"mecA,mecR1","beta-lactam sensor/signal transducer MecR1,PBP2a family beta-lactam-resistant peptidoglycan transpeptidase MecA",METHICILLIN,"beta-lactam sensor/signal transducer MecR1,PBP2a family beta-lactam-resistant peptidoglycan transpeptidase MecA",100,"aur,hld,hlgA,hlgB,hlgC,icaC,sec1,sei,sel,sel26,sen,seo,seu","bi-component gamma-hemolysin HlgAB/HlgCB subunit B,bi-component gamma-hemolysin HlgAB subunit A,bi-component gamma-hemolysin HlgCB subunit C,delta-hemolysin,polysaccharide intercellular adhesin biosynthesis/export protein IcaC,staphylococcal enterotoxin type 26,staphylococcal enterotoxin type C1,staphylococcal enterotoxin type I,staphylococcal enterotoxin type L,staphylococcal enterotoxin type N,staphylococcal enterotoxin type O,staphylococcal enterotoxin type U,zinc metalloproteinase aureolysin"
SGH_N121_BC24_genomic.fna.csv,R,mecA,PBP2a family beta-lactam-resistant peptidoglycan transpeptidase MecA,METHICILLIN,PBP2a family beta-lactam-resistant peptidoglycan transpeptidase MecA,100,"aur,hlgA,hlgB,hlgC,icaC,sak,scn,sei,sej,sel26,sem,sen,seo,ses,set,seu","bi-component gamma-hemolysin HlgAB/HlgCB subunit B,bi-component gamma-hemolysin HlgAB subunit A,bi-component gamma-hemolysin HlgCB subunit C,complement inhibitor SCIN-A,polysaccharide intercellular adhesin biosynthesis/export protein IcaC,staphylococcal enterotoxin type 26,staphylococcal enterotoxin type I,staphylococcal enterotoxin type J,staphylococcal enterotoxin type M,staphylococcal enterotoxin type N,staphylococcal enterotoxin type O,staphylococcal enterotoxin type S,staphylococcal enterotoxin type T,staphylococcal enterotoxin type U,staphylokinase,zinc metalloproteinase aureolysin"